Tau,Set,NumRes,Avg
H1,1,13,0.016129032
H2,1,,
N1,1,11,0.008483871
N2,1,,
